{"cameraMode":{"drawMode":0,"name":"Shaded","section":"Shading Mode"},"sceneLighting":true,"audioPlay":false,"sceneViewState":{"m_AlwaysRefresh":false,"showFog":true,"showSkybox":true,"showFlares":true,"showImageEffects":true,"showParticleSystems":true,"showVisualEffectGraphs":true,"m_FxEnabled":true},"in2DMode":false,"pivot":{"x":-0.43472912907600405,"y":0.4777381718158722,"z":0.5883877277374268},"rotation":{"x":0.05902523919939995,"y":0.6669131517410278,"z":-0.05313146859407425,"w":0.7408907413482666},"size":0.47013938426971438,"orthographic":false}