{"cameraMode":{"drawMode":0,"name":"Shaded","section":"Shading Mode"},"sceneLighting":true,"audioPlay":false,"sceneViewState":{"m_AlwaysRefresh":false,"showFog":true,"showSkybox":true,"showFlares":true,"showImageEffects":true,"showParticleSystems":true,"showVisualEffectGraphs":true,"m_FxEnabled":true},"in2DMode":false,"pivot":{"x":1.0704011917114258,"y":-7.948309898376465,"z":17.826929092407228},"rotation":{"x":-0.23321501910686494,"y":-0.030920520424842836,"z":0.007423226721584797,"w":-0.9719234108924866},"size":10.014852523803711,"orthographic":false}