{"cameraMode":{"drawMode":0,"name":"Shaded","section":"Shading Mode"},"sceneLighting":true,"audioPlay":false,"sceneViewState":{"m_AlwaysRefresh":false,"showFog":true,"showSkybox":true,"showFlares":true,"showImageEffects":true,"showParticleSystems":true,"showVisualEffectGraphs":true,"m_FxEnabled":true},"in2DMode":false,"pivot":{"x":-0.00009118020534515381,"y":1.5601435899734498,"z":0.9474524855613709},"rotation":{"x":-0.23321501910686494,"y":-0.030920520424842836,"z":0.007423226721584797,"w":-0.9719234108924866},"size":0.2711992561817169,"orthographic":false}